card_no,filename,subject,name,rarity,up,right,down,left
1,card_001.png,こくご,はなのみち,1,2,1,3,7
2,card_002.png,こくご,おおきなかぶ,1,5,4,1,4
3,card_003.png,こくご,おむすびころりん,1,3,4,3,3
4,card_004.png,こくご,くじらぐも,1,2,2,4,6
5,card_005.png,こくご,サラダでげんき,1,4,7,1,1
6,card_006.png,こくご,たぬきの糸車,2,7,3,4,5
7,card_007.png,こくご,ずうっと、ずっと、大すきだよ,2,5,4,6,5
8,card_008.png,こくご,スイミー,2,3,6,5,4
9,card_009.png,こくご,お手紙,2,4,3,6,6
10,card_010.png,こくご,スーホの白い馬,2,7,2,7,2
11,card_011.png,こくご,ふきのとう,2,3,7,1,7
12,card_012.png,こくご,名前を見てちょうだい,2,5,7,4,4
13,card_013.png,こくご,ニャーゴ,2,4,4,5,5
14,card_014.png,こくご,かさこじぞう,2,7,4,6,2
15,card_015.png,こくご,きつねのおきゃくさま,2,3,5,5,5
16,card_016.png,こくご,ちいちゃんのかげおくり,3,1,5,8,7
17,card_017.png,こくご,モチモチの木,3,4,6,4,7
18,card_018.png,こくご,三年とうげ,3,7,5,8,3
19,card_019.png,こくご,きつつきの商売,3,8,3,2,7
20,card_020.png,こくご,まいごのかぎ,3,7,8,4,4
21,card_021.png,こくご,サーカスのライオン,3,8,1,4,7
22,card_022.png,こくご,わすれられないおくりもの,3,4,7,8,4
23,card_023.png,こくご,ごんぎつね,3,6,6,4,8
24,card_024.png,こくご,白いぼうし,3,2,3,8,7
25,card_025.png,こくご,一つの花,3,3,7,8,2
26,card_026.png,こくご,初雪のふる日,3,2,7,6,7
27,card_027.png,こくご,プラタナスの木,3,3,6,6,6
28,card_028.png,こくご,世界一美しいぼくの村,3,7,7,3,7
29,card_029.png,こくご,花さき山,3,7,6,7,1
30,card_030.png,こくご,アップとルーズで伝える,3,6,7,7,4
31,card_031.png,こくご,大造じいさんとガン,3,1,8,3,8
32,card_032.png,こくご,注文の多い料理店,3,8,6,7,1
33,card_033.png,こくご,なまえつけてよ,3,5,8,5,5
34,card_034.png,こくご,たずねびと,3,2,8,3,8
35,card_035.png,こくご,わらぐつの中の神様,3,6,8,7,1
36,card_036.png,こくご,固有種が教えてくれること,4,7,1,9,8
37,card_037.png,こくご,カレーライス,4,5,7,8,6
38,card_038.png,こくご,やまなし,4,5,9,5,8
39,card_039.png,こくご,海の命,4,8,6,8,6
40,card_040.png,こくご,帰り道,4,6,7,7,8
41,card_041.png,こくご,風切るつばさ,4,5,9,1,9
42,card_042.png,こくご,ヒロシマのうた,4,9,7,7,2
43,card_043.png,こくご,柿山伏,4,9,8,3,5
44,card_044.png,こくご,鳥獣戯画を読む,4,6,8,8,6
45,card_045.png,こくご,きつねの窓,4,6,8,6,8
46,card_046.png,こくご,こころ,5,4,8,10,6
47,card_047.png,こくご,走れメロス,5,5,9,6,9
48,card_048.png,こくご,羅生門,5,5,5,10,9
49,card_049.png,こくご,山月記,5,1,10,10,6
50,card_050.png,こくご,銀河鉄道の夜,5,9,4,10,5
51,card_051.png,さんすう,たし算,1,3,5,3,3
52,card_052.png,さんすう,ひき算,1,5,1,6,1
53,card_053.png,さんすう,10のまとまり,1,1,5,1,6
54,card_054.png,さんすう,とけい,1,3,2,1,6
55,card_055.png,さんすう,かたちあそび,1,2,2,7,2
56,card_056.png,さんすう,かけ算,2,5,7,4,3
57,card_057.png,さんすう,九九,2,7,6,2,4
58,card_058.png,さんすう,たし算のひっ算,2,2,4,6,6
59,card_059.png,さんすう,ひき算のひっ算,2,6,6,2,6
60,card_060.png,さんすう,1000までの数,2,1,3,7,7
61,card_061.png,さんすう,長さ,2,3,7,3,5
62,card_062.png,さんすう,水のかさ,2,7,6,3,3
63,card_063.png,さんすう,三角形,2,6,6,3,4
64,card_064.png,さんすう,四角形,2,1,7,3,7
65,card_065.png,さんすう,表とグラフ,2,7,3,7,1
66,card_066.png,さんすう,わり算,3,8,3,2,8
67,card_067.png,さんすう,あまりのあるわり算,3,6,6,3,6
68,card_068.png,さんすう,かけ算のひっ算,3,5,8,2,7
69,card_069.png,さんすう,わり算のひっ算,3,5,5,5,8
70,card_070.png,さんすう,小数,3,1,8,7,6
71,card_071.png,さんすう,分数,3,6,4,7,5
72,card_072.png,さんすう,大きな数,3,5,5,7,5
73,card_073.png,さんすう,重さ,3,7,8,1,4
74,card_074.png,さんすう,円と球,3,6,1,7,8
75,card_075.png,さんすう,二等辺三角形,3,8,5,5,6
76,card_076.png,さんすう,正三角形,3,8,2,7,4
77,card_077.png,さんすう,角度,3,6,2,6,7
78,card_078.png,さんすう,垂直と平行,3,4,7,4,8
79,card_079.png,さんすう,面積,3,8,6,4,6
80,card_080.png,さんすう,折れ線グラフ,3,7,1,7,7
81,card_081.png,さんすう,概数,3,2,2,8,8
82,card_082.png,さんすう,単位換算,3,7,6,6,2
83,card_083.png,さんすう,□を使った式,3,5,4,8,6
84,card_084.png,さんすう,そろばん,3,5,4,6,8
85,card_085.png,さんすう,直方体と立方体,3,4,7,8,2
86,card_086.png,さんすう,平均,4,3,9,3,9
87,card_087.png,さんすう,単位量あたり,4,1,9,9,5
88,card_088.png,さんすう,割合,4,2,7,7,8
89,card_089.png,さんすう,比,4,8,1,8,8
90,card_090.png,さんすう,速さ,4,7,6,8,7
91,card_091.png,さんすう,約数と倍数,4,9,4,8,4
92,card_092.png,さんすう,通分と約分,4,4,9,4,8
93,card_093.png,さんすう,体積,4,7,8,6,7
94,card_094.png,さんすう,円の面積,4,8,6,8,6
95,card_095.png,さんすう,比例と反比例,4,4,9,9,3
96,card_096.png,さんすう,円周率 π,5,10,5,10,2
97,card_097.png,さんすう,素数,5,1,9,9,9
98,card_098.png,さんすう,ピタゴラスの定理,5,5,10,3,10
99,card_099.png,さんすう,フィボナッチ数列,5,10,7,1,9
100,card_100.png,さんすう,黄金比,5,6,8,8,8
101,card_101.png,りか,タンポポ,1,6,3,1,3
102,card_102.png,りか,アサガオ,1,3,3,3,4
103,card_103.png,りか,ダンゴムシ,1,1,2,6,4
104,card_104.png,りか,メダカ,1,4,5,3,3
105,card_105.png,りか,水星,1,1,4,7,1
106,card_106.png,りか,ヒマワリ,2,4,3,7,3
107,card_107.png,りか,ホウセンカ,2,2,6,6,4
108,card_108.png,りか,モンシロチョウ,2,6,4,4,4
109,card_109.png,りか,ナナホシテントウ,2,3,5,4,7
110,card_110.png,りか,ミツバチ,2,6,5,3,4
111,card_111.png,りか,カタツムリ,2,7,7,3,2
112,card_112.png,りか,ニホンアマガエル,2,6,4,5,4
113,card_113.png,りか,アメリカザリガニ,2,4,4,7,4
114,card_114.png,りか,火星,2,6,4,7,1
115,card_115.png,りか,月,2,6,7,2,3
116,card_116.png,りか,サクラ,3,6,7,8,1
117,card_117.png,りか,ヘチマ,3,4,4,7,8
118,card_118.png,りか,イネ,3,6,1,8,7
119,card_119.png,りか,ジャガイモ,3,8,3,7,3
120,card_120.png,りか,アゲハチョウ,3,1,6,8,7
121,card_121.png,りか,オオカマキリ,3,8,4,8,2
122,card_122.png,りか,ショウリョウバッタ,3,8,7,2,4
123,card_123.png,りか,アキアカネ,3,7,8,4,3
124,card_124.png,りか,カイコ,3,4,7,3,7
125,card_125.png,りか,ニホンヤモリ,3,5,8,6,3
126,card_126.png,りか,フナ,3,7,8,4,2
127,card_127.png,りか,アンモナイト,3,7,6,1,8
128,card_128.png,りか,金星,3,5,7,7,2
129,card_129.png,りか,地球,3,8,2,3,8
130,card_130.png,りか,天王星,3,8,4,4,7
131,card_131.png,りか,海王星,3,1,7,7,7
132,card_132.png,りか,北極星,3,7,6,8,1
133,card_133.png,りか,ベガ,3,6,2,6,8
134,card_134.png,りか,オリオン座,3,7,5,2,8
135,card_135.png,りか,花こう岩,3,6,8,4,4
136,card_136.png,りか,カブトムシ,4,8,8,5,5
137,card_137.png,りか,オオクワガタ,4,8,3,8,8
138,card_138.png,りか,スズメバチ,4,8,9,1,7
139,card_139.png,りか,ワシ,4,7,9,6,6
140,card_140.png,りか,サメ,4,6,8,7,7
141,card_141.png,りか,木星,4,2,8,8,7
142,card_142.png,りか,土星,4,9,6,5,6
143,card_143.png,りか,太陽,4,9,7,8,1
144,card_144.png,りか,ベテルギウス,4,8,6,7,7
145,card_145.png,りか,トリケラトプス,4,5,1,9,9
146,card_146.png,りか,DNA,5,10,7,8,5
147,card_147.png,りか,ブラックホール,5,10,5,8,6
148,card_148.png,りか,ヘラクレスオオカブト,5,7,7,10,6
149,card_149.png,りか,超新星爆発,5,1,7,10,9
150,card_150.png,りか,ティラノサウルス,5,7,9,1,10
151,card_151.png,しゃかい,三内丸山遺跡,1,2,7,2,2
152,card_152.png,しゃかい,法隆寺,1,4,2,5,3
153,card_153.png,しゃかい,鎌倉の大仏,1,2,4,3,5
154,card_154.png,しゃかい,桜田門外の変,1,5,2,5,1
155,card_155.png,しゃかい,野口英世,1,2,4,5,4
156,card_156.png,しゃかい,卑弥呼,2,6,4,2,6
157,card_157.png,しゃかい,紫式部,2,7,4,4,4
158,card_158.png,しゃかい,平清盛,2,5,3,7,5
159,card_159.png,しゃかい,北条政子,2,4,7,4,4
160,card_160.png,しゃかい,福沢諭吉,2,5,5,7,1
161,card_161.png,しゃかい,東大寺,2,4,1,4,7
162,card_162.png,しゃかい,金閣,2,2,6,4,7
163,card_163.png,しゃかい,厳島神社,2,4,6,4,5
164,card_164.png,しゃかい,壇ノ浦の戦い,2,2,3,6,7
165,card_165.png,しゃかい,黒船来航,2,2,7,5,6
166,card_166.png,しゃかい,聖武天皇,3,7,6,1,7
167,card_167.png,しゃかい,鑑真,3,7,1,7,5
168,card_168.png,しゃかい,源頼朝,3,8,5,5,5
169,card_169.png,しゃかい,足利尊氏,3,6,5,8,3
170,card_170.png,しゃかい,足利義満,3,5,1,7,8
171,card_171.png,しゃかい,フランシスコ・ザビエル,3,4,8,4,7
172,card_172.png,しゃかい,武田信玄,3,3,7,5,7
173,card_173.png,しゃかい,上杉謙信,3,8,1,6,7
174,card_174.png,しゃかい,坂本龍馬,3,8,7,1,6
175,card_175.png,しゃかい,西郷隆盛,3,6,6,5,7
176,card_176.png,しゃかい,姫路城,3,5,6,3,8
177,card_177.png,しゃかい,清水寺,3,4,6,6,8
178,card_178.png,しゃかい,日光東照宮,3,2,6,6,7
179,card_179.png,しゃかい,出雲大社,3,7,5,8,2
180,card_180.png,しゃかい,首里城,3,2,8,4,7
181,card_181.png,しゃかい,元寇,3,5,6,6,6
182,card_182.png,しゃかい,川中島の戦い,3,8,1,7,6
183,card_183.png,しゃかい,長篠の戦い,3,1,8,4,8
184,card_184.png,しゃかい,応仁の乱,3,6,2,8,6
185,card_185.png,しゃかい,大政奉還,3,8,8,3,1
186,card_186.png,しゃかい,聖徳太子,4,9,2,5,9
187,card_187.png,しゃかい,伊藤博文,4,9,2,5,8
188,card_188.png,しゃかい,徳川慶喜,4,1,5,9,9
189,card_189.png,しゃかい,伊達政宗,4,7,7,8,5
190,card_190.png,しゃかい,大阪城,4,7,7,9,4
191,card_191.png,しゃかい,江戸城,4,7,7,7,7
192,card_192.png,しゃかい,関ヶ原の戦い,4,7,9,7,1
193,card_193.png,しゃかい,大化の改新,4,7,6,6,9
194,card_194.png,しゃかい,廃藩置県,4,9,3,7,7
195,card_195.png,しゃかい,明治維新,4,7,8,9,1
196,card_196.png,しゃかい,織田信長,5,9,9,2,9
197,card_197.png,しゃかい,豊臣秀吉,5,2,10,10,5
198,card_198.png,しゃかい,徳川家康,5,6,6,9,9
199,card_199.png,しゃかい,本能寺の変,5,7,1,10,9
200,card_200.png,しゃかい,原爆ドーム,5,9,9,9,1
201,card_201.png,えいご,Cat,1,4,3,3,3
202,card_202.png,えいご,Apple,1,1,1,7,4
203,card_203.png,えいご,Flower,1,7,2,2,2
204,card_204.png,えいご,Pencil,1,4,4,3,4
205,card_205.png,えいご,Smile,1,5,5,2,2
206,card_206.png,えいご,Dog,2,1,7,1,7
207,card_207.png,えいご,Rabbit,2,5,4,4,7
208,card_208.png,えいご,Fish,2,4,7,2,5
209,card_209.png,えいご,Bird,2,2,7,2,7
210,card_210.png,えいご,Banana,2,7,7,2,2
211,card_211.png,えいご,Cake,2,4,5,3,7
212,card_212.png,えいご,Tree,2,5,6,2,6
213,card_213.png,えいご,Rain,2,7,5,5,1
214,card_214.png,えいご,Book,2,5,5,6,3
215,card_215.png,えいご,Happy,2,7,1,1,7
216,card_216.png,えいご,Horse,3,6,4,7,4
217,card_217.png,えいご,Dolphin,3,7,6,6,6
218,card_218.png,えいご,Monkey,3,4,8,6,6
219,card_219.png,えいご,Penguin,3,8,3,4,7
220,card_220.png,えいご,Owl,3,3,8,4,8
221,card_221.png,えいご,Fox,3,1,6,7,7
222,card_222.png,えいご,Hamburger,3,3,8,7,3
223,card_223.png,えいご,Strawberry,3,4,7,6,5
224,card_224.png,えいご,Chocolate,3,7,1,8,6
225,card_225.png,えいご,Mountain,3,6,7,4,4
226,card_226.png,えいご,River,3,8,7,4,4
227,card_227.png,えいご,Ocean,3,5,7,1,7
228,card_228.png,えいご,Rainbow,3,5,7,5,6
229,card_229.png,えいご,Train,3,8,4,5,4
230,card_230.png,えいご,Airplane,3,7,4,4,8
231,card_231.png,えいご,Ship,3,6,8,2,6
232,card_232.png,えいご,Run,3,7,7,4,4
233,card_233.png,えいご,Jump,3,8,4,1,8
234,card_234.png,えいご,Swim,3,4,2,8,8
235,card_235.png,えいご,Brave,3,7,7,7,1
236,card_236.png,えいご,Lion,4,9,3,6,8
237,card_237.png,えいご,Tiger,4,1,9,8,7
238,card_238.png,えいご,Eagle,4,8,8,1,8
239,card_239.png,えいご,Shark,4,6,9,6,7
240,card_240.png,えいご,Elephant,4,9,5,7,6
241,card_241.png,えいご,Volcano,4,1,9,7,8
242,card_242.png,えいご,Lightning,4,4,4,8,9
243,card_243.png,えいご,Hurricane,4,7,9,8,1
244,card_244.png,えいご,Rocket,4,9,3,3,9
245,card_245.png,えいご,Adventure,4,2,9,5,9
246,card_246.png,えいご,Dragon,5,10,10,2,5
247,card_247.png,えいご,Universe,5,10,7,8,4
248,card_248.png,えいご,Miracle,5,9,10,1,7
249,card_249.png,えいご,Infinity,5,4,9,7,9
250,card_250.png,えいご,Champion,5,3,8,10,7
